dataset_id,records,datasetName,license,rightsHolder,accessRights,source_url
0e81882d-712e-4788-af40-a60cdcc8a36c,320,,,,,https://obis.org/dataset/0e81882d-712e-4788-af40-a60cdcc8a36c
10b213e6-a9c4-459e-a40c-ef9edc461b97,18,Bishop Museum Fish Specimens,http://creativecommons.org/publicdomain/zero/1.0,Bernice Pauahi Bishop Museum,http://www.vertnet.org/resources/norms.html,https://obis.org/dataset/10b213e6-a9c4-459e-a40c-ef9edc461b97
13977fac-0505-4aad-af35-7d1884933d9d,40,,,,,https://obis.org/dataset/13977fac-0505-4aad-af35-7d1884933d9d
16cbef75-11a1-47c7-84a8-172470203a68,320,,,,,https://obis.org/dataset/16cbef75-11a1-47c7-84a8-172470203a68
230df405-9b7e-4996-a991-bfc15b5291af,21,Reports from the Carlsberg Foundations Oceanographical Expedition round the World 1928-30,,,,https://obis.org/dataset/230df405-9b7e-4996-a991-bfc15b5291af
288e63af-5f94-43d4-a039-f238b432129c,1432,,,,,https://obis.org/dataset/288e63af-5f94-43d4-a039-f238b432129c
2891a788-9f30-4413-8f73-9e7686890e9d,6991,AM | ANSP | CAS | CUMV | FMNH | KAUM | KU | MAGNT | MCZ | MNHN | NCSM | NMV | NSMT | QM | ROM | SIO | TCWC | UF | UMMZ | USNM | UT | UWFC | YCM | YPM,(CC-BY NC) 4.0,Tulane University,Non-commercial use only,https://obis.org/dataset/2891a788-9f30-4413-8f73-9e7686890e9d
292f775d-c300-4e21-8af2-b3b16a0a0ddc,2,,,,,https://obis.org/dataset/292f775d-c300-4e21-8af2-b3b16a0a0ddc
340cf56f-f494-48c1-9f13-dd1fb3bfbdf2,4,Fish collection of National Museum of Nature and Science,ccby,,,https://obis.org/dataset/340cf56f-f494-48c1-9f13-dd1fb3bfbdf2
3c19013a-8190-441a-9d0f-8b908185d87d,4,,,,,https://obis.org/dataset/3c19013a-8190-441a-9d0f-8b908185d87d
4b8ea120-4859-4645-a834-cc5b34c8416c,2,,,,,https://obis.org/dataset/4b8ea120-4859-4645-a834-cc5b34c8416c
4e88f9c8-868e-4b0a-bc48-3d409a5448fe,24,,CC0,,http://vertnet.org/resources/norms.html,https://obis.org/dataset/4e88f9c8-868e-4b0a-bc48-3d409a5448fe
58f229d6-8aad-4d85-b4b6-621d4f25d5ec,89,,,,,https://obis.org/dataset/58f229d6-8aad-4d85-b4b6-621d4f25d5ec
65429205-459b-4600-bd4e-e3abe7aeab31,49,University of Kansas Biodiversity Institute Fish Voucher Collection,https://creativecommons.org/licenses/by/4.0/legalcode,,http://biodiversity.ku.edu/research/university-kansas-biodiversity-institute-data-publication-and-use-norms,https://obis.org/dataset/65429205-459b-4600-bd4e-e3abe7aeab31
705770e5-3474-4e69-be8b-3107a0c5610a,32,,,,,https://obis.org/dataset/705770e5-3474-4e69-be8b-3107a0c5610a
7671ae8a-9202-459d-9afe-4c1e12db6916,1,,,,,https://obis.org/dataset/7671ae8a-9202-459d-9afe-4c1e12db6916
9b787218-7138-4ffa-8ba6-36d63d391f8c,104,,,,,https://obis.org/dataset/9b787218-7138-4ffa-8ba6-36d63d391f8c
9d629feb-ba03-4a83-908c-794d94d30531,1,Ocean Genome Legacy Collection,,,,https://obis.org/dataset/9d629feb-ba03-4a83-908c-794d94d30531
a0737a06-66ef-41e7-9458-9c05f53340b5,301,,,,,https://obis.org/dataset/a0737a06-66ef-41e7-9458-9c05f53340b5
b8617377-eb1c-4db2-baa6-8788a632e810,1959,,,,,https://obis.org/dataset/b8617377-eb1c-4db2-baa6-8788a632e810
c04414fb-9ac0-42d2-be21-f0754f416e04,171,,https://creativecommons.org/publicdomain/zero/1.0/,,,https://obis.org/dataset/c04414fb-9ac0-42d2-be21-f0754f416e04
c24bf1c2-2c62-4056-a841-56d94e6e876a,1975,,,,,https://obis.org/dataset/c24bf1c2-2c62-4056-a841-56d94e6e876a
d6af0fac-8a21-4d77-8872-f10d471fc0cf,3092,,https://creativecommons.org/publicdomain/zero/1.0/,,,https://obis.org/dataset/d6af0fac-8a21-4d77-8872-f10d471fc0cf
d6d6fe4c-425f-4ce7-bf28-7a6befaeb413,4193,,,,,https://obis.org/dataset/d6d6fe4c-425f-4ce7-bf28-7a6befaeb413
e06daf5d-9e6b-44e1-a6a7-cc91a3ee1f3b,1,,,,,https://obis.org/dataset/e06daf5d-9e6b-44e1-a6a7-cc91a3ee1f3b
e971710e-054e-43f2-b23c-c149d6c76cb4,1,,,,,https://obis.org/dataset/e971710e-054e-43f2-b23c-c149d6c76cb4
eaea291a-1e1d-4382-b86f-ac3cc15b8d5a,20803,iNaturalist research-grade observations,https://creativecommons.org/licenses/by-nc/4.0/ | https://creativecommons.org/licenses/by/4.0/ | https://creativecommons.org/publicdomain/zero/1.0/,"@divebuddyjon | ALEISHA BRITT NAVAJA | ANDRO MERCADO | Abner Bucol | Adam Wang | Adrien Lowenstein - Anaïs Berry | Adrien Tran Lu Y | Albert Kang | Albertini maridom | Aleksandra Churilina | Alex Ashby | Alexander | Alexander Val | Alicia Christman | Allison Aina Alpuerto | Alphons | Amaël Borzée | AmilaDG | Ana Ferro | Andrew Taylor | Andrey Ryanskiy | Andy | Andy Alba | Angelica Ladino | Annette Ginkel van | Annika Lindqvist | Armand Valendez | Austin Henshaw | Axel Angelo Ortega | BJ Smit | Ben Costamagna | Ben Jobson | Benj Mareul Ucang | Benoît Segerer | Bernadette Casilan | Bianca | Bianca Lerma | Bjarne Amstrup | Brandon Huelga | Brenton Prigge | Bryan J | CHI KIN TSANG | Caleb | Carl Ramirez | Carmelo López Abad | Carmina Viniegra | Carsten Meyer | Chee Koi Jun | Chi Yuhung | Chloe Samarita | Chris Spain | Christian Doedt | Christy T Judd | Corinna Colatore | Curtis Hart | Czaldy Garrote | Daisy Salmon | Dan Jones | Dan Schofield | Dan Vaughan | Daniella LoScerbo | Danjugan Island Sanctuary | David Kaposi | David R | Dhugal Lindsay | Dirk Froebel | Dirk Schmitz | Ditch Townsend | DrCohen | Eamonn Culhane | Edward | Elijah Okeefe | Eliott Huguet | Elizabeth | Ella Pennington | Emma Taylor | Erasmo Macaya Horta | Eric Crandall | Eric Lien | Erick Morales Oyola | Erwin Koehler | Esa R. Mikkonen | Florent Charpin | Franca Wermuth | Francesco Ricciardi | Francis Pollak | Franco Colnago | Francois Libert | Frank Krasovec | GB Hajim | Gerard van de Wiel | Gian Karlo Ganancial | Gina | GinaGPark | Glenn Biscop | Gomen See | Graham Cleaver | HTalag | Harrison Capewell | Herpeto-Ichthyo Ecosystems and Lifeforms International Observation Society (HELIOS) | Hsini Lin | ICHOR x | Ingo Rogalla | Ioannis Magouras | Iona | Itai Grisaru | JD | JD Mo | JERNAN MICHAEL AMORES | Jacob She | Jaimeelou Alina Motoomull | James Collins | Jasmin Knight | Jason | Jean-Paul Cassez | Jens Sommer-Knudsen | Jeroen Cool | Jim Greenfield | Jodie | Joey Chung | John Clough | John Edward Matulina Villasis | John Hoover | Jonathan Lavan | Jonny_utah83 | Juan Vidal | Julian Jimenez | K. Leheu | Kai Squires | Kat Milligan | Keelan Lopena | Kelly-Anne Masterman | Kent Ross | Kent Sorgon | Kerbusch | Kimberly Tripp Randal | Klaschka | Klaus M.Stiefel | Lana | Lance Eydrine Flores | Lara Jungmann | Laurel Fulton | Lee | Leonie Zimmermann | Lesley Clements | Liana Romulo | Lily Yeung | LizardFishMan | Lucas Lennon | Luke Gordon | Maarten De Brauwer | Madison Hurst | Marc van der Poel | Marek Koszorek | Marie Raison | Marisa Agarwal | Mariya | Marjolein Vereijken | Marjorie Misajon | Marleen Schouten | Mars | Martin Holladay | Matt Ridland | Max Coup | Mei Li P. | Michael Pongratz | Mike Hooper | Mike Krampf | Miryeong Lee | Misho Rusev | Natalia Merkulyeva | Natalie Scott | Nate and Melissa | NembroThaniieee | Nicholas Mak | Nicola Crockford | Nicolas Lagière | Nigel Marsh | Noam Markus | Olly Morgan | PampaSorro | Pascal GIRARD | Pat | Paul Bramas | Paul Geisendörfer | Paul Sorensen | Pete McGee | Pete Woodall | Peter | Philipp | Pierre Pericard | Prat | Rafi Amar | Rebecca Lloyd | Richard Lawrence | Riley Pollom | Robin Gwen Agarwal | Rock Merjudio | Rom T | Rosella Anne Suniega | Ryan Yue Wah Chan | SLouisy | Sascha Kreiterling | Scuba Rider 96 | Sebastian Ow | Sheryl Checkman | Shiqi Wei | Simon M Bell | Slunky | Spiders And The Sea | Susanne Spindler | Susie Chapman | Sydney Olsen | Sylvain Le Bris | Sébastien Jungo | Theodore | Thomas Menut | Tia Tyler | Tom | Tom Benson | Tomas Sobota | Tony Strazzari | Trisja Boom | Tsu Soo Tan | Vien Alfred Andrei Guivencan | Vince Cabasag | Vladislav Isaev | Wenyi Zhou | Wilhelm Joshua Tan | Will Flaxington | Winver Paolo P. Paclibar | Wonwoong Kim | Xavier Rufray | Zack | Zeke White | Zenning | aimee | aitorindo | aj2359 | ajeffrey | akikoano | alaahere | alina | amyellen | annehenshaw | antoine_vespe | april1st | ariannalim | ariellebh | arthurlk11 | asanoth | attilasimay | augustamcghee | austerrific | barthazes | batmc | bauerovavajner | bearofsteel | bewambay | blackdogto | blennyboxfish | bossed | boussion_magali | bshwartz | buzzinthebox | ca_photo_hobbyist | calebtoh | caleidoskopable | calvin1976 | caron_wong | ccynthia | chienming68 | chrisv78 | chryztynmae | craigjhowe | csillam | curiousdory | curlygurlolo | cyn189 | danielacuartas | davemorrison | deadpetvet | deblee5 | dmeyers315 | dmitry364 | dod_od | don_juan_de_fuca | donanzia | donna9337 | donnewagemans | dorolexploratrice | drews2011 | drgulittle | ealcaniz | eggward_and_kugita | elissapelsje | elizabethzhang | ellisselm | evolution_dive_resort | ezcouqzjm7 | fabianclimatefoundation | feinaur | fi0na97 | filipinomeekmill | flemblem | florencetg | fpuerzer | francineee | franco_lombardi | fraserasquith | fraupiggy | gauvain_saucy | gege84500 | giel verheijen | gracevillarino | grant | hannah_01 | harryma | hirosho | hmins | hokoonwong | hxl0910 | ianarick | imartinson211 | irisb6282 | izuba | jakeburns1993 | jamesdugand | jannaschofield | jeanmifav | jenine90 | jennesy | jhorky | joangosalvez | jocson_mioinbio | joshbiscoe | joyceee98 | jrecloux | junglejungle | kaiyin | karymar | katewolny | katycarp | kaydenverhagen | kayli Brown | kaz_dives | kenhe | kenny_well | kmetkid | kunghm36 | kurt lopez | kurtcabahug | lanugoh | larivera | lascosas | lcolmer | ldkm8 | leithallb | lerbolt1202 | liam1294 | louvanhaeren | madrafdin | malici0us | mandslikesbirbs | martyhing | mashalevene | mateuscoelho82 | max_forster | mbrunetto | meredithp-t | mertymcgraw | mettercarlsen | mgh073 | mikejdo | mikkel65 | minnx | mokiki99 | momo_sara | monkeycop | mr_badgers | mykle hoban | myrrel | n8ureisawesome | naomi-lubkin | naturalist101471 | nerdbrained | nikita007 | nilah jumat | nongiftedman | occhi91 | olliecaunce | ollieclarke17 | pastelda | patrick-louisy | pearlfisher-dive | perereh | pestocapybara | peterlwarren | pheonix_qiu | piaricca | pierregraou | pincetczy | play9227 | rajandiver | reallamecortese | reichiang | richbert_birao | rickkkk | rinbow | rowangale | rxplor | sabrinamedinaa | sam_c_wilson | scottsnsw | seahorses_of_the_world | shagitheyansuresh | sharon110430 | sheng860419 | shierandrulist | shunchuxia1729 | sibiri03 | sisi_ze | snoopywin | sp1_der | talaok | tamaraloomis | tamdo | tamsynmann | tanni42 | thanatatgap | tim h | tofpreux | ulexeuropaeus | veiortiz | virgo69 | vraybaud | wade0506 | waldschraetin | walterlin | wchilam | welshgreen | wild___max | will_g22 | willthelad | wsyxbcl | wunderdiver | xcrawford | yannickvm | yeungs | ylsu | yoline1984 | zakariashove | zenerzul | zeustour | zhangzheng0529 | zurielkimm | Никонова Вероника | Ольга Сизова | 倒立 | 呂一起(Lyu yi-chi) | 堀内伸一 | 孙一墨 | 張智偉(Chang, Jack, Chih-Wei) | 王子天 | 貓尾巴 | 陳暉平",,https://obis.org/dataset/eaea291a-1e1d-4382-b86f-ac3cc15b8d5a
f17d8dae-4125-4a45-a491-81f8d018e19c,9,,,,,https://obis.org/dataset/f17d8dae-4125-4a45-a491-81f8d018e19c
f8c046f0-e8ae-49f5-b94c-f78809a8b7dc,7,,,,,https://obis.org/dataset/f8c046f0-e8ae-49f5-b94c-f78809a8b7dc
fbe20230-f4f1-48e7-83ee-4cd3ad15a1db,66,,http://creativecommons.org/licenses/by/4.0/legalcode,SAIAB,,https://obis.org/dataset/fbe20230-f4f1-48e7-83ee-4cd3ad15a1db
