cell_id,ix,iy,observation_count,unique_species,unique_families,years_sampled,dataset_count,median_depth_m,center_lon,center_lat,species_per_record,cluster
0:26,0,26,64,41,27,7,1,,122.05,11.65,0.640625,-1
0:27,0,27,54,37,27,5,1,,122.05,11.75,0.6851851851851852,-1
10:0,10,0,586,267,61,16,9,2.0,123.05,9.05,0.45563139931740615,0
10:20,10,20,578,152,58,1,1,,123.05,11.05,0.2629757785467128,-1
10:3,10,3,117,40,16,1,4,,123.05,9.35,0.3418803418803419,0
11:0,11,0,989,402,61,7,12,7.55,123.15,9.05,0.4064711830131446,0
11:1,11,1,91,73,23,2,5,3.0,123.15,9.15,0.8021978021978022,0
11:2,11,2,44,34,23,1,4,,123.15,9.25,0.7727272727272727,0
11:24,11,24,185,84,40,6,3,,123.15,11.45,0.4540540540540541,-1
11:5,11,5,511,179,49,13,10,1.0,123.15,9.55,0.350293542074364,0
11:6,11,6,1115,299,53,8,8,21.0,123.15,9.65,0.2681614349775785,0
12:0,12,0,1614,451,69,10,12,6.0,123.25,9.05,0.27942998760842624,0
12:1,12,1,5050,590,70,2,4,5.79,123.25,9.15,0.11683168316831684,0
12:2,12,2,397,211,50,3,4,12.534999999999998,123.25,9.25,0.5314861460957179,0
12:24,12,24,117,86,32,3,4,5.0,123.25,11.45,0.7350427350427351,-1
12:3,12,3,410,208,52,11,11,2.0,123.25,9.35,0.5073170731707317,0
12:4,12,4,268,137,42,6,7,0.45499999999999996,123.25,9.45,0.5111940298507462,0
13:2,13,2,78,60,37,7,6,510.0,123.35,9.25,0.7692307692307693,0
13:3,13,3,2334,643,105,30,10,0.915,123.35,9.35,0.2754927163667524,0
13:4,13,4,1760,383,54,10,10,16.0,123.35,9.45,0.21761363636363637,0
13:8,13,8,45,36,24,1,2,,123.35,9.85,0.8,1
13:9,13,9,3712,564,70,2,7,21.0,123.35,9.95,0.15193965517241378,1
14:1,14,1,673,344,54,6,13,6.0,123.45,9.15,0.5111441307578009,0
14:2,14,2,2177,317,49,4,13,1.0,123.45,9.25,0.1456132292145154,0
14:3,14,3,34,33,16,7,1,,123.45,9.35,0.9705882352941176,0
14:5,14,5,55,42,21,2,5,27.45,123.45,9.55,0.7636363636363637,0
14:9,14,9,40,31,20,0,1,,123.45,9.95,0.775,1
15:1,15,1,538,227,49,3,6,2.44,123.55,9.15,0.42193308550185876,0
15:2,15,2,184,134,38,2,7,27.0,123.55,9.25,0.7282608695652174,0
16:4,16,4,45,40,22,1,2,803.0,123.65,9.45,0.8888888888888888,2
16:5,16,5,963,332,59,4,9,24.0,123.65,9.55,0.34475597092419524,2
17:19,17,19,35,33,21,2,1,,123.75,10.95,0.9428571428571428,-1
17:4,17,4,45,38,23,0,1,,123.75,9.45,0.8444444444444444,2
17:5,17,5,1027,298,56,0,1,,123.75,9.55,0.2901655306718598,2
17:6,17,6,110,68,27,0,1,,123.75,9.65,0.6181818181818182,2
17:8,17,8,351,197,46,1,2,31.0,123.75,9.85,0.5612535612535613,-1
18:12,18,12,97,58,29,8,5,27.0,123.85,10.25,0.5979381443298969,3
18:25,18,25,104,75,41,3,2,84.2,123.85,11.55,0.7211538461538461,-1
18:5,18,5,236,129,43,2,5,,123.85,9.55,0.5466101694915254,2
19:11,19,11,68,66,30,1,2,296.0,123.95,10.15,0.9705882352941176,3
19:12,19,12,451,217,67,15,8,10.0,123.95,10.25,0.4811529933481153,3
19:22,19,22,77,72,33,2,1,,123.95,11.25,0.935064935064935,4
19:4,19,4,254,172,41,2,9,24.0,123.95,9.45,0.6771653543307087,2
19:5,19,5,189,107,33,2,5,1.0,123.95,9.55,0.5661375661375662,2
19:9,19,9,58,56,28,1,2,,123.95,9.95,0.9655172413793104,-1
1:15,1,15,164,146,32,2,2,7.0,122.15,10.55,0.8902439024390244,-1
20:11,20,11,232,157,38,1,3,,124.05,10.15,0.6767241379310345,3
20:12,20,12,603,260,54,4,10,30.0,124.05,10.25,0.4311774461028192,3
20:13,20,13,723,217,50,3,7,4.0,124.05,10.35,0.30013831258644535,3
20:14,20,14,292,76,22,1,5,704.0,124.05,10.45,0.2602739726027397,3
20:23,20,23,112,57,29,0,1,,124.05,11.35,0.5089285714285714,4
20:24,20,24,342,130,46,0,1,,124.05,11.45,0.38011695906432746,4
21:22,21,22,78,31,14,0,1,,124.15,11.25,0.3974358974358974,4
21:23,21,23,1905,416,67,0,1,,124.15,11.35,0.2183727034120735,4
22:21,22,21,68,52,29,1,4,333.0,124.25,11.15,0.7647058823529411,4
22:22,22,22,209,79,25,0,1,,124.25,11.25,0.37799043062200954,4
24:3,24,3,55,35,14,2,1,,124.45,9.35,0.6363636363636364,-1
25:7,25,7,861,275,56,0,1,,124.55,9.75,0.31939605110336816,-1
26:15,26,15,56,41,16,0,1,,124.65,10.55,0.7321428571428571,-1
26:2,26,2,113,57,31,1,3,,124.65,9.25,0.504424778761062,5
27:2,27,2,187,91,27,0,1,,124.75,9.25,0.48663101604278075,5
28:1,28,1,59,43,25,0,1,,124.85,9.15,0.7288135593220338,5
2:16,2,16,218,109,49,2,3,,122.25,10.65,0.5,-1
3:8,3,8,341,158,40,0,1,,122.35,9.85,0.4633431085043988,-1
4:14,4,14,47,47,20,1,1,17.0,122.45,10.45,1.0,6
4:15,4,15,115,91,40,5,4,1.0,122.45,10.55,0.7913043478260869,6
4:16,4,16,113,38,21,1,1,,122.45,10.65,0.336283185840708,6
5:15,5,15,88,77,26,2,4,4.0,122.55,10.55,0.875,6
5:16,5,16,581,272,85,10,5,3.0,122.55,10.65,0.46815834767641995,6
5:25,5,25,146,67,36,2,2,,122.55,11.55,0.4589041095890411,-1
5:4,5,4,72,39,25,0,2,,122.55,9.45,0.5416666666666666,-1
9:0,9,0,363,170,36,6,9,1.55,122.95,9.05,0.46831955922865015,0
9:1,9,1,96,69,22,1,7,2.0,122.95,9.15,0.71875,0
