cell_id,ix,iy,observation_count,unique_species,unique_families,years_sampled,dataset_count,median_depth_m,center_lon,center_lat,species_per_record
0:0,0,0,4,4,2,1,2,500.0,122.05,9.05,1.0
0:1,0,1,1,1,1,1,1,,122.05,9.15,1.0
0:10,0,10,16,11,8,2,2,,122.05,10.05,0.6875
0:17,0,17,3,3,2,0,1,,122.05,10.75,1.0
0:21,0,21,2,2,1,1,1,,122.05,11.15,1.0
0:23,0,23,1,1,1,1,1,,122.05,11.35,1.0
0:24,0,24,7,6,5,3,1,,122.05,11.45,0.8571428571428571
0:26,0,26,64,41,27,7,1,,122.05,11.65,0.640625
0:27,0,27,54,37,27,5,1,,122.05,11.75,0.6851851851851852
0:28,0,28,10,10,8,2,1,,122.05,11.85,1.0
0:29,0,29,17,12,8,1,3,480.0,122.05,11.95,0.7058823529411765
0:3,0,3,3,2,1,1,2,110.0,122.05,9.35,0.6666666666666666
10:0,10,0,586,267,61,16,9,2.0,123.05,9.05,0.45563139931740615
10:1,10,1,34,30,16,3,5,0.9,123.05,9.15,0.8823529411764706
10:10,10,10,43,21,11,3,2,,123.05,10.05,0.4883720930232558
10:18,10,18,5,5,2,1,1,,123.05,10.85,1.0
10:2,10,2,1,1,1,0,1,,123.05,9.25,1.0
10:20,10,20,578,152,58,1,1,,123.05,11.05,0.2629757785467128
10:21,10,21,3,3,2,1,1,,123.05,11.15,1.0
10:26,10,26,1,1,1,0,1,,123.05,11.65,1.0
10:3,10,3,117,40,16,1,4,,123.05,9.35,0.3418803418803419
10:6,10,6,2,1,1,1,2,,123.05,9.65,0.5
11:0,11,0,989,402,61,7,12,7.55,123.15,9.05,0.4064711830131446
11:1,11,1,91,73,23,2,5,3.0,123.15,9.15,0.8021978021978022
11:2,11,2,44,34,23,1,4,,123.15,9.25,0.7727272727272727
11:20,11,20,1,1,1,1,1,,123.15,11.05,1.0
11:21,11,21,3,3,3,2,2,18.29,123.15,11.15,1.0
11:24,11,24,185,84,40,6,3,,123.15,11.45,0.4540540540540541
11:25,11,25,5,5,5,1,1,1.0,123.15,11.55,1.0
11:26,11,26,6,6,6,1,1,,123.15,11.65,1.0
11:3,11,3,1,1,1,0,1,,123.15,9.35,1.0
11:4,11,4,35,15,5,2,2,,123.15,9.45,0.42857142857142855
11:5,11,5,511,179,49,13,10,1.0,123.15,9.55,0.350293542074364
11:6,11,6,1115,299,53,8,8,21.0,123.15,9.65,0.2681614349775785
11:7,11,7,1,1,1,1,1,,123.15,9.75,1.0
11:8,11,8,1,1,1,1,1,1.65,123.15,9.85,1.0
11:9,11,9,1,1,1,0,1,,123.15,9.95,1.0
12:0,12,0,1614,451,69,10,12,6.0,123.25,9.05,0.27942998760842624
12:1,12,1,5050,590,70,2,4,5.79,123.25,9.15,0.11683168316831684
12:11,12,11,4,2,1,1,2,498.42498779296875,123.25,10.15,0.5
12:2,12,2,397,211,50,3,4,12.534999999999998,123.25,9.25,0.5314861460957179
12:21,12,21,4,4,4,1,1,32.9,123.25,11.15,1.0
12:24,12,24,117,86,32,3,4,5.0,123.25,11.45,0.7350427350427351
12:29,12,29,28,1,1,0,1,,123.25,11.95,0.03571428571428571
12:3,12,3,410,208,52,11,11,2.0,123.25,9.35,0.5073170731707317
12:4,12,4,268,137,42,6,7,0.45499999999999996,123.25,9.45,0.5111940298507462
12:5,12,5,15,14,12,3,3,4.0,123.25,9.55,0.9333333333333333
12:7,12,7,3,3,3,1,1,547.0,123.25,9.75,1.0
12:8,12,8,14,8,6,2,2,,123.25,9.85,0.5714285714285714
12:9,12,9,19,9,9,3,4,549.0,123.25,9.95,0.47368421052631576
13:0,13,0,49,12,7,3,4,20.75,123.35,9.05,0.24489795918367346
13:1,13,1,73,26,20,2,3,466.5,123.35,9.15,0.3561643835616438
13:10,13,10,11,10,8,1,2,,123.35,10.05,0.9090909090909091
13:11,13,11,6,6,6,3,1,,123.35,10.15,1.0
13:2,13,2,78,60,37,7,6,510.0,123.35,9.25,0.7692307692307693
13:20,13,20,49,28,19,1,2,27.435,123.35,11.05,0.5714285714285714
13:22,13,22,8,7,6,1,1,36.6,123.35,11.25,0.875
13:23,13,23,24,17,12,2,8,35.65,123.35,11.35,0.7083333333333334
13:24,13,24,34,30,18,1,4,47.6,123.35,11.45,0.8823529411764706
13:25,13,25,27,23,16,3,4,38.4,123.35,11.55,0.8518518518518519
13:26,13,26,9,7,6,3,1,,123.35,11.65,0.7777777777777778
13:3,13,3,2334,643,105,30,10,0.915,123.35,9.35,0.2754927163667524
13:4,13,4,1760,383,54,10,10,16.0,123.35,9.45,0.21761363636363637
13:5,13,5,2,2,2,0,1,,123.35,9.55,1.0
13:7,13,7,8,8,5,1,1,1.0,123.35,9.75,1.0
13:8,13,8,45,36,24,1,2,,123.35,9.85,0.8
13:9,13,9,3712,564,70,2,7,21.0,123.35,9.95,0.15193965517241378
14:0,14,0,6,3,3,1,2,,123.45,9.05,0.5
14:1,14,1,673,344,54,6,13,6.0,123.45,9.15,0.5111441307578009
14:12,14,12,2,2,2,0,1,,123.45,10.25,1.0
14:14,14,14,20,19,13,1,3,,123.45,10.45,0.95
14:19,14,19,4,4,3,0,1,,123.45,10.95,1.0
14:2,14,2,2177,317,49,4,13,1.0,123.45,9.25,0.1456132292145154
14:20,14,20,5,5,3,0,1,,123.45,11.05,1.0
14:24,14,24,1,1,1,1,1,,123.45,11.45,1.0
14:26,14,26,2,2,2,1,1,48.0,123.45,11.65,1.0
14:3,14,3,34,33,16,7,1,,123.45,9.35,0.9705882352941176
14:4,14,4,17,14,8,5,4,608.99,123.45,9.45,0.8235294117647058
14:5,14,5,55,42,21,2,5,27.45,123.45,9.55,0.7636363636363637
14:8,14,8,1,1,1,0,1,,123.45,9.85,1.0
14:9,14,9,40,31,20,0,1,,123.45,9.95,0.775
15:0,15,0,5,3,3,1,2,,123.55,9.05,0.6
15:1,15,1,538,227,49,3,6,2.44,123.55,9.15,0.42193308550185876
15:11,15,11,24,19,13,1,2,302.0,123.55,10.15,0.7916666666666666
15:13,15,13,4,4,3,0,1,,123.55,10.35,1.0
15:14,15,14,3,3,3,2,3,,123.55,10.45,1.0
15:15,15,15,1,1,1,0,1,,123.55,10.55,1.0
15:16,15,16,1,1,1,1,1,,123.55,10.65,1.0
15:2,15,2,184,134,38,2,7,27.0,123.55,9.25,0.7282608695652174
15:20,15,20,6,6,5,0,1,,123.55,11.05,1.0
15:24,15,24,27,27,22,3,1,80.0,123.55,11.45,1.0
15:25,15,25,13,13,9,1,1,38.4,123.55,11.55,1.0
15:28,15,28,4,4,3,1,1,,123.55,11.85,1.0
15:4,15,4,14,10,9,1,5,790.0,123.55,9.45,0.7142857142857143
15:5,15,5,4,4,4,0,1,,123.55,9.55,1.0
15:6,15,6,1,1,1,0,1,,123.55,9.65,1.0
15:7,15,7,1,1,1,0,1,,123.55,9.75,1.0
15:8,15,8,2,1,1,0,1,,123.55,9.85,0.5
16:0,16,0,6,6,6,0,1,,123.65,9.05,1.0
16:1,16,1,32,30,17,1,3,,123.65,9.15,0.9375
16:13,16,13,2,2,1,1,1,,123.65,10.35,1.0
16:14,16,14,1,1,1,1,1,,123.65,10.45,1.0
16:2,16,2,6,5,4,0,1,,123.65,9.25,0.8333333333333334
16:25,16,25,1,1,1,0,1,,123.65,11.55,1.0
16:26,16,26,10,8,6,2,4,62.2,123.65,11.65,0.8
16:3,16,3,6,4,4,1,4,,123.65,9.35,0.6666666666666666
16:4,16,4,45,40,22,1,2,803.0,123.65,9.45,0.8888888888888888
16:5,16,5,963,332,59,4,9,24.0,123.65,9.55,0.34475597092419524
16:6,16,6,5,5,2,1,2,402.0,123.65,9.65,1.0
16:7,16,7,3,3,3,0,1,,123.65,9.75,1.0
16:8,16,8,8,5,4,1,2,318.0,123.65,9.85,0.625
16:9,16,9,7,4,2,1,3,50.0,123.65,9.95,0.5714285714285714
17:1,17,1,2,2,2,0,1,,123.75,9.15,1.0
17:11,17,11,17,13,8,0,1,,123.75,10.15,0.7647058823529411
17:15,17,15,1,1,1,0,1,,123.75,10.55,1.0
17:19,17,19,35,33,21,2,1,,123.75,10.95,0.9428571428571428
17:2,17,2,6,5,5,1,2,1472.0,123.75,9.25,0.8333333333333334
17:21,17,21,13,11,11,1,4,,123.75,11.15,0.8461538461538461
17:22,17,22,8,8,3,2,2,,123.75,11.25,1.0
17:24,17,24,24,23,16,1,3,69.5,123.75,11.45,0.9583333333333334
17:26,17,26,21,20,16,1,3,82.3,123.75,11.65,0.9523809523809523
17:4,17,4,45,38,23,0,1,,123.75,9.45,0.8444444444444444
17:5,17,5,1027,298,56,0,1,,123.75,9.55,0.2901655306718598
17:6,17,6,110,68,27,0,1,,123.75,9.65,0.6181818181818182
17:7,17,7,5,5,5,0,1,,123.75,9.75,1.0
17:8,17,8,351,197,46,1,2,31.0,123.75,9.85,0.5612535612535613
17:9,17,9,10,6,4,1,2,,123.75,9.95,0.6
18:1,18,1,1,1,1,0,1,,123.85,9.15,1.0
18:10,18,10,6,5,4,2,3,,123.85,10.05,0.8333333333333334
18:11,18,11,42,24,19,2,7,282.48500061035156,123.85,10.15,0.5714285714285714
18:12,18,12,97,58,29,8,5,27.0,123.85,10.25,0.5979381443298969
18:13,18,13,22,22,14,1,2,,123.85,10.35,1.0
18:16,18,16,1,1,1,0,1,,123.85,10.65,1.0
18:21,18,21,31,2,2,1,2,,123.85,11.15,0.06451612903225806
18:22,18,22,4,4,4,1,1,42.8,123.85,11.25,1.0
18:23,18,23,18,15,14,1,4,80.5,123.85,11.35,0.8333333333333334
18:24,18,24,18,16,13,1,4,71.4,123.85,11.45,0.8888888888888888
18:25,18,25,104,75,41,3,2,84.2,123.85,11.55,0.7211538461538461
18:26,18,26,23,19,13,1,4,89.7,123.85,11.65,0.8260869565217391
18:4,18,4,6,6,4,0,1,,123.85,9.45,1.0
18:5,18,5,236,129,43,2,5,,123.85,9.55,0.5466101694915254
18:6,18,6,9,9,7,0,1,,123.85,9.65,1.0
18:8,18,8,4,4,4,0,1,,123.85,9.85,1.0
18:9,18,9,8,8,8,1,2,320.0,123.85,9.95,1.0
19:0,19,0,2,1,1,1,2,0.0,123.95,9.05,0.5
19:11,19,11,68,66,30,1,2,296.0,123.95,10.15,0.9705882352941176
19:12,19,12,451,217,67,15,8,10.0,123.95,10.25,0.4811529933481153
19:13,19,13,37,25,17,3,4,,123.95,10.35,0.6756756756756757
19:16,19,16,1,1,1,0,1,,123.95,10.65,1.0
19:2,19,2,8,6,4,1,2,200.0,123.95,9.25,0.75
19:20,19,20,4,4,3,0,1,,123.95,11.05,1.0
19:21,19,21,2,2,2,0,1,,123.95,11.15,1.0
19:22,19,22,77,72,33,2,1,,123.95,11.25,0.935064935064935
19:24,19,24,5,4,4,1,4,98.7,123.95,11.45,0.8
19:25,19,25,13,11,9,1,5,79.0,123.95,11.55,0.8461538461538461
19:26,19,26,34,25,16,1,6,75.0,123.95,11.65,0.7352941176470589
19:4,19,4,254,172,41,2,9,24.0,123.95,9.45,0.6771653543307087
19:5,19,5,189,107,33,2,5,1.0,123.95,9.55,0.5661375661375662
19:6,19,6,5,4,3,1,1,2.0,123.95,9.65,0.8
19:7,19,7,1,1,1,0,1,,123.95,9.75,1.0
19:9,19,9,58,56,28,1,2,,123.95,9.95,0.9655172413793104
1:15,1,15,164,146,32,2,2,7.0,122.15,10.55,0.8902439024390244
1:2,1,2,2,2,1,1,1,,122.15,9.25,1.0
1:29,1,29,1,1,1,1,1,,122.15,11.95,1.0
1:4,1,4,2,2,1,1,1,,122.15,9.45,1.0
1:5,1,5,2,2,1,1,1,300.0,122.15,9.55,1.0
1:9,1,9,1,1,1,0,1,,122.15,9.95,1.0
20:10,20,10,11,6,4,2,3,,124.05,10.05,0.5454545454545454
20:11,20,11,232,157,38,1,3,,124.05,10.15,0.6767241379310345
20:12,20,12,603,260,54,4,10,30.0,124.05,10.25,0.4311774461028192
20:13,20,13,723,217,50,3,7,4.0,124.05,10.35,0.30013831258644535
20:14,20,14,292,76,22,1,5,704.0,124.05,10.45,0.2602739726027397
20:15,20,15,6,5,4,1,3,,124.05,10.55,0.8333333333333334
20:16,20,16,1,1,1,0,1,,124.05,10.65,1.0
20:20,20,20,4,3,2,0,2,,124.05,11.05,0.75
20:21,20,21,9,7,7,1,2,246.0,124.05,11.15,0.7777777777777778
20:22,20,22,52,18,10,0,1,,124.05,11.25,0.34615384615384615
20:23,20,23,112,57,29,0,1,,124.05,11.35,0.5089285714285714
20:24,20,24,342,130,46,0,1,,124.05,11.45,0.38011695906432746
20:25,20,25,11,3,2,0,2,,124.05,11.55,0.2727272727272727
20:29,20,29,1,1,1,1,1,,124.05,11.95,1.0
20:3,20,3,2,1,1,1,1,300.0,124.05,9.35,0.5
20:5,20,5,2,1,1,1,2,,124.05,9.55,0.5
20:6,20,6,5,2,2,0,1,,124.05,9.65,0.4
20:9,20,9,1,1,1,0,1,,124.05,9.95,1.0
21:10,21,10,3,3,2,0,1,,124.15,10.05,1.0
21:11,21,11,7,7,7,2,3,,124.15,10.15,1.0
21:12,21,12,14,13,8,1,3,,124.15,10.25,0.9285714285714286
21:13,21,13,17,16,13,0,2,,124.15,10.35,0.9411764705882353
21:16,21,16,7,7,5,1,1,291.0,124.15,10.65,1.0
21:17,21,17,4,3,2,1,3,0.0,124.15,10.75,0.75
21:18,21,18,2,2,2,1,1,,124.15,10.85,1.0
21:19,21,19,26,21,17,0,1,,124.15,10.95,0.8076923076923077
21:21,21,21,2,2,1,0,1,,124.15,11.15,1.0
21:22,21,22,78,31,14,0,1,,124.15,11.25,0.3974358974358974
21:23,21,23,1905,416,67,0,1,,124.15,11.35,0.2183727034120735
21:24,21,24,13,8,7,0,1,,124.15,11.45,0.6153846153846154
21:25,21,25,16,5,2,0,1,,124.15,11.55,0.3125
21:26,21,26,1,1,1,1,1,,124.15,11.65,1.0
21:28,21,28,9,7,7,2,4,245.0,124.15,11.85,0.7777777777777778
21:29,21,29,1,1,1,1,1,256.0,124.15,11.95,1.0
21:6,21,6,1,1,1,0,1,,124.15,9.65,1.0
21:7,21,7,1,1,1,0,1,,124.15,9.75,1.0
21:8,21,8,18,12,10,1,3,,124.15,9.85,0.6666666666666666
21:9,21,9,2,2,1,0,1,,124.15,9.95,1.0
22:11,22,11,3,3,3,2,2,710.0,124.25,10.15,1.0
22:16,22,16,15,12,11,2,2,346.0,124.25,10.65,0.8
22:18,22,18,2,2,2,1,2,,124.25,10.85,1.0
22:21,22,21,68,52,29,1,4,333.0,124.25,11.15,0.7647058823529411
22:22,22,22,209,79,25,0,1,,124.25,11.25,0.37799043062200954
22:23,22,23,20,17,9,0,1,,124.25,11.35,0.85
22:27,22,27,30,24,15,0,1,,124.25,11.75,0.8
22:28,22,28,10,8,8,1,1,251.0,124.25,11.85,0.8
22:29,22,29,1,1,1,0,1,250.7100067138672,124.25,11.95,1.0
22:6,22,6,1,1,1,0,1,,124.25,9.65,1.0
22:7,22,7,1,1,1,0,1,,124.25,9.75,1.0
23:14,23,14,1,1,1,0,1,810.0,124.35,10.45,1.0
23:15,23,15,1,1,1,0,1,,124.35,10.55,1.0
23:17,23,17,1,1,1,0,1,,124.35,10.75,1.0
23:18,23,18,14,11,8,1,1,545.0,124.35,10.85,0.7857142857142857
23:21,23,21,1,1,1,0,1,,124.35,11.15,1.0
23:26,23,26,2,2,2,0,1,,124.35,11.65,1.0
23:29,23,29,1,1,1,1,1,,124.35,11.95,1.0
23:3,23,3,1,1,1,0,1,,124.35,9.35,1.0
23:6,23,6,1,1,1,0,1,,124.35,9.65,1.0
23:7,23,7,1,1,1,0,1,,124.35,9.75,1.0
24:11,24,11,4,4,3,1,1,,124.45,10.15,1.0
24:12,24,12,1,1,1,0,1,,124.45,10.25,1.0
24:16,24,16,6,4,3,1,3,,124.45,10.65,0.6666666666666666
24:18,24,18,13,11,9,1,1,347.0,124.45,10.85,0.8461538461538461
24:19,24,19,1,1,1,1,1,,124.45,10.95,1.0
24:23,24,23,9,8,7,2,3,,124.45,11.35,0.8888888888888888
24:27,24,27,3,3,3,1,2,85.5,124.45,11.75,1.0
24:29,24,29,11,9,8,1,3,46.5,124.45,11.95,0.8181818181818182
24:3,24,3,55,35,14,2,1,,124.45,9.35,0.6363636363636364
24:5,24,5,2,2,1,1,2,,124.45,9.55,1.0
24:6,24,6,6,3,2,0,1,,124.45,9.65,0.5
24:7,24,7,25,20,13,0,1,,124.45,9.75,0.8
24:8,24,8,1,1,1,0,1,,124.45,9.85,1.0
25:11,25,11,10,10,7,0,1,,124.55,10.15,1.0
25:29,25,29,15,7,4,1,6,85.5,124.55,11.95,0.4666666666666667
25:6,25,6,15,8,6,0,1,,124.55,9.65,0.5333333333333333
25:7,25,7,861,275,56,0,1,,124.55,9.75,0.31939605110336816
25:8,25,8,22,20,13,0,1,,124.55,9.85,0.9090909090909091
25:9,25,9,1,1,1,0,1,,124.55,9.95,1.0
26:15,26,15,56,41,16,0,1,,124.65,10.55,0.7321428571428571
26:16,26,16,8,4,1,1,2,585.22,124.65,10.65,0.5
26:19,26,19,13,7,7,1,2,,124.65,10.95,0.5384615384615384
26:2,26,2,113,57,31,1,3,,124.65,9.25,0.504424778761062
26:23,26,23,8,6,4,2,3,,124.65,11.35,0.75
26:24,26,24,8,8,7,3,3,62.25,124.65,11.45,1.0
26:25,26,25,33,27,18,1,4,60.0,124.65,11.55,0.8181818181818182
26:26,26,26,3,3,3,1,1,,124.65,11.65,1.0
26:27,26,27,2,2,2,1,2,58.0,124.65,11.75,1.0
26:28,26,28,10,10,7,1,1,,124.65,11.85,1.0
26:3,26,3,7,5,3,0,1,,124.65,9.35,0.7142857142857143
26:7,26,7,2,2,2,0,1,,124.65,9.75,1.0
27:1,27,1,19,17,13,0,1,,124.75,9.15,0.8947368421052632
27:10,27,10,4,4,3,1,1,164.5,124.75,10.05,1.0
27:12,27,12,15,14,6,0,1,,124.75,10.25,0.9333333333333333
27:13,27,13,11,8,6,2,3,,124.75,10.35,0.7272727272727273
27:2,27,2,187,91,27,0,1,,124.75,9.25,0.48663101604278075
27:24,27,24,11,10,6,1,1,42.5,124.75,11.45,0.9090909090909091
27:25,27,25,3,3,2,1,2,22.0,124.75,11.55,1.0
27:27,27,27,7,6,5,2,3,48.0,124.75,11.75,0.8571428571428571
27:3,27,3,6,6,2,0,1,,124.75,9.35,1.0
28:0,28,0,2,2,2,0,1,,124.85,9.05,1.0
28:1,28,1,59,43,25,0,1,,124.85,9.15,0.7288135593220338
28:12,28,12,1,1,1,0,1,,124.85,10.25,1.0
28:13,28,13,1,1,1,0,1,,124.85,10.35,1.0
28:16,28,16,2,2,2,0,1,,124.85,10.65,1.0
28:17,28,17,2,1,1,1,2,,124.85,10.75,0.5
28:24,28,24,20,20,14,2,2,22.0,124.85,11.45,1.0
28:26,28,26,9,8,8,2,3,,124.85,11.65,0.8888888888888888
28:27,28,27,39,21,16,4,3,37.0,124.85,11.75,0.5384615384615384
28:28,28,28,9,7,4,4,2,,124.85,11.85,0.7777777777777778
29:1,29,1,4,3,3,1,1,1756.0,124.95,9.15,0.75
29:10,29,10,9,8,8,1,4,0.0,124.95,10.05,0.8888888888888888
29:11,29,11,6,6,5,0,1,,124.95,10.15,1.0
29:12,29,12,21,15,10,1,2,,124.95,10.25,0.7142857142857143
29:13,29,13,5,5,5,2,2,,124.95,10.35,1.0
29:19,29,19,2,1,1,1,2,,124.95,10.95,0.5
29:20,29,20,7,2,1,0,1,,124.95,11.05,0.2857142857142857
29:26,29,26,16,8,6,1,2,,124.95,11.65,0.5
29:27,29,27,3,2,2,1,2,,124.95,11.75,0.6666666666666666
29:29,29,29,18,6,2,1,2,,124.95,11.95,0.3333333333333333
2:16,2,16,218,109,49,2,3,,122.25,10.65,0.5
2:4,2,4,2,2,1,1,1,790.0,122.25,9.45,1.0
2:8,2,8,1,1,1,1,1,,122.25,9.85,1.0
2:9,2,9,1,1,1,0,1,,122.25,9.95,1.0
3:10,3,10,4,2,2,1,2,1167.0,122.35,10.05,0.5
3:13,3,13,2,2,2,1,1,1033.0,122.35,10.35,1.0
3:16,3,16,101,4,4,2,3,,122.35,10.65,0.039603960396039604
3:18,3,18,1,1,1,1,1,,122.35,10.85,1.0
3:2,3,2,6,2,1,1,3,,122.35,9.25,0.3333333333333333
3:22,3,22,11,7,5,1,2,,122.35,11.25,0.6363636363636364
3:26,3,26,2,2,2,0,1,,122.35,11.65,1.0
3:27,3,27,3,3,3,1,1,,122.35,11.75,1.0
3:28,3,28,8,8,7,2,1,,122.35,11.85,1.0
3:5,3,5,16,3,3,1,1,200.0,122.35,9.55,0.1875
3:6,3,6,24,18,11,0,1,,122.35,9.65,0.75
3:7,3,7,9,9,9,0,1,,122.35,9.75,1.0
3:8,3,8,341,158,40,0,1,,122.35,9.85,0.4633431085043988
4:13,4,13,3,3,3,1,1,,122.45,10.35,1.0
4:14,4,14,47,47,20,1,1,17.0,122.45,10.45,1.0
4:15,4,15,115,91,40,5,4,1.0,122.45,10.55,0.7913043478260869
4:16,4,16,113,38,21,1,1,,122.45,10.65,0.336283185840708
4:20,4,20,2,2,1,0,1,,122.45,11.05,1.0
4:21,4,21,22,11,10,1,2,,122.45,11.15,0.5
4:27,4,27,19,19,11,3,1,,122.45,11.75,1.0
4:28,4,28,1,1,1,1,1,,122.45,11.85,1.0
4:6,4,6,10,9,5,0,1,,122.45,9.65,0.9
5:0,5,0,2,1,1,1,2,,122.55,9.05,0.5
5:10,5,10,21,11,10,1,2,,122.55,10.05,0.5238095238095238
5:13,5,13,4,4,4,1,1,,122.55,10.35,1.0
5:14,5,14,3,3,3,0,1,,122.55,10.45,1.0
5:15,5,15,88,77,26,2,4,4.0,122.55,10.55,0.875
5:16,5,16,581,272,85,10,5,3.0,122.55,10.65,0.46815834767641995
5:17,5,17,51,21,10,4,3,,122.55,10.75,0.4117647058823529
5:20,5,20,3,2,1,0,1,,122.55,11.05,0.6666666666666666
5:21,5,21,3,3,1,0,1,,122.55,11.15,1.0
5:25,5,25,146,67,36,2,2,,122.55,11.55,0.4589041095890411
5:4,5,4,72,39,25,0,2,,122.55,9.45,0.5416666666666666
5:9,5,9,6,3,3,1,2,,122.55,9.95,0.5
6:14,6,14,7,6,6,1,3,,122.65,10.45,0.8571428571428571
6:17,6,17,5,2,2,1,2,,122.65,10.75,0.4
6:18,6,18,3,3,1,0,1,,122.65,10.85,1.0
6:27,6,27,1,1,1,1,1,,122.65,11.75,1.0
6:28,6,28,1,1,1,1,1,,122.65,11.85,1.0
6:4,6,4,7,7,7,1,2,,122.65,9.45,1.0
6:5,6,5,5,5,4,3,1,,122.65,9.55,1.0
7:10,7,10,21,11,7,4,3,,122.75,10.05,0.5238095238095238
7:12,7,12,1,1,1,0,1,,122.75,10.25,1.0
7:13,7,13,1,1,1,1,1,,122.75,10.35,1.0
7:15,7,15,3,2,2,1,3,,122.75,10.55,0.6666666666666666
7:18,7,18,31,9,8,3,5,,122.75,10.85,0.2903225806451613
7:19,7,19,14,12,9,0,1,,122.75,10.95,0.8571428571428571
7:20,7,20,3,2,1,0,1,,122.75,11.05,0.6666666666666666
7:25,7,25,1,1,1,0,1,,122.75,11.55,1.0
7:3,7,3,15,13,12,6,1,,122.75,9.35,0.8666666666666667
8:1,8,1,7,7,7,0,1,,122.85,9.15,1.0
8:16,8,16,18,14,14,2,2,,122.85,10.65,0.7777777777777778
8:17,8,17,18,18,13,1,2,,122.85,10.75,1.0
8:2,8,2,4,4,4,0,1,,122.85,9.25,1.0
8:21,8,21,17,13,13,0,1,,122.85,11.15,0.7647058823529411
8:24,8,24,2,1,1,1,2,,122.85,11.45,0.5
8:3,8,3,21,15,14,3,2,,122.85,9.35,0.7142857142857143
8:4,8,4,1,1,1,0,1,,122.85,9.45,1.0
8:5,8,5,3,2,2,0,2,,122.85,9.55,0.6666666666666666
8:6,8,6,1,1,1,0,1,,122.85,9.65,1.0
8:7,8,7,1,1,1,0,1,,122.85,9.75,1.0
9:0,9,0,363,170,36,6,9,1.55,122.95,9.05,0.46831955922865015
9:1,9,1,96,69,22,1,7,2.0,122.95,9.15,0.71875
9:12,9,12,1,1,1,0,1,,122.95,10.25,1.0
9:16,9,16,1,1,1,0,1,,122.95,10.65,1.0
9:18,9,18,21,11,10,1,2,,122.95,10.85,0.5238095238095238
9:29,9,29,1,1,1,0,1,,122.95,11.95,1.0
9:7,9,7,3,2,1,0,1,,122.95,9.75,0.6666666666666666
